barcode,rm,ID,comment
CTCAAC,0,fwhF10,YTCHAC
TTCAAC,0,fwhF10,YTCHAC
CTCCAC,0,fwhF10,YTCHAC
TTCCAC,0,fwhF10,YTCHAC
CTCTAC,0,fwhF10,YTCHAC
TTCTAC,0,fwhF10,YTCHAC
GCTCAA,1,fwhF11,GYTCHA
GTTCAA,1,fwhF11,GYTCHA
GCTCCA,1,fwhF11,GYTCHA
GTTCCA,1,fwhF11,GYTCHA
GCTCTA,1,fwhF11,GYTCHA
GTTCTA,1,fwhF11,GYTCHA
TCCTCA,2,fwhF12,TCYTCH
TCTTCA,2,fwhF12,TCYTCH
TCCTCC,2,fwhF12,TCYTCH
TCTTCC,2,fwhF12,TCYTCH
TCCTCT,2,fwhF12,TCYTCH
TCTTCT,2,fwhF12,TCYTCH
AACTCA,2,fwhF1B,AAYTCH
AATTCA,2,fwhF1B,AAYTCH
AACTCC,2,fwhF1B,AAYTCH
AATTCC,2,fwhF1B,AAYTCH
AACTCT,2,fwhF1B,AAYTCH
AATTCT,2,fwhF1B,AAYTCH
CTGCTC,3,fwhF13,CTGYTC
CTGTTC,3,fwhF13,CTGYTC
TCACCT,4,fwhF14,TCACYT
TCACTT,4,fwhF14,TCACYT
GGAACA,0,fwhF20,GGDACW
GGGACA,0,fwhF20,GGDACW
GGTACA,0,fwhF20,GGDACW
GGAACT,0,fwhF20,GGDACW
GGGACT,0,fwhF20,GGDACW
GGTACT,0,fwhF20,GGDACW
CGGAAC,1,fwhF21,CGGDAC
CGGGAC,1,fwhF21,CGGDAC
CGGTAC,1,fwhF21,CGGDAC
ATGGAA,2,fwhF22,ATGGDA
ATGGGA,2,fwhF22,ATGGDA
ATGGTA,2,fwhF22,ATGGDA
AAGGAA,2,fwhF2B,AAGGDA
AAGGGA,2,fwhF2B,AAGGDA
AAGGTA,2,fwhF2B,AAGGDA
CGAGGA,3,fwhF23,CGAGGD
CGAGGG,3,fwhF23,CGAGGD
CGAGGT,3,fwhF23,CGAGGD
TCCTGG,4,fwhF24,TCCTGG
AATCAA,0,fwhR10,ARTCAR
AGTCAA,0,fwhR10,ARTCAR
AATCAG,0,fwhR10,ARTCAR
AGTCAG,0,fwhR10,ARTCAR
GAATCA,1,fwhR11,GARTCA
GAGTCA,1,fwhR11,GARTCA
ACAATC,2,fwhR12,ACARTC
ACAGTC,2,fwhR12,ACARTC
CTAAAT,3,fwhR13,CTAART
CTAAGT,3,fwhR13,CTAART
CGTAAT,2,fwhR1C,CGTART
CGTAGT,2,fwhR1C,CGTART
TACCAA,4,fwhR14,TACCAR
TACCAG,4,fwhR14,TACCAR
GTAATA,0,fwhR20,GTRATW
GTGATA,0,fwhR20,GTRATW
GTAATT,0,fwhR20,GTRATW
GTGATT,0,fwhR20,GTRATW
TGTAAT,1,fwhR21,TGTRAT
TGTGAT,1,fwhR21,TGTRAT
GAGTAA,2,fwhR22,GAGTRA
GAGTGA,2,fwhR22,GAGTRA
GCCGTA,3,fwhR23,GCCGTR
GCCGTG,3,fwhR23,GCCGTR
CTAGTA,2,fwhR2C,CTAGTR
CTAGTG,2,fwhR2C,CTAGTR
AATCGT,4,fwhR24,AATCGT
